{"cameraMode":{"drawMode":0,"name":"Shaded","section":"Shading Mode"},"sceneLighting":true,"audioPlay":false,"sceneViewState":{"m_AlwaysRefresh":false,"showFog":true,"showSkybox":true,"showFlares":true,"showImageEffects":true,"showParticleSystems":true,"showVisualEffectGraphs":true,"m_FxEnabled":true},"in2DMode":false,"pivot":{"x":-22.34000015258789,"y":0.4099999964237213,"z":-0.24000000953674317},"rotation":{"x":-0.04186481609940529,"y":-0.8709823489189148,"z":0.48376956582069399,"w":-0.07547194510698319},"size":9.936304092407227,"orthographic":true}