{"cameraMode":{"drawMode":0,"name":"Shaded","section":"Shading Mode"},"sceneLighting":true,"audioPlay":false,"sceneViewState":{"m_AlwaysRefresh":false,"showFog":true,"showSkybox":true,"showFlares":true,"showImageEffects":true,"showParticleSystems":true,"showVisualEffectGraphs":true,"m_FxEnabled":true},"in2DMode":false,"pivot":{"x":-0.9426994323730469,"y":-5.1728925704956059,"z":28.35053062438965},"rotation":{"x":-0.04186481609940529,"y":-0.8709823489189148,"z":0.48376956582069399,"w":-0.07547194510698319},"size":8.491181373596192,"orthographic":true}